00281c9f970508adc21370e667f9dc148cc34bdf.jpg,270
0101a3341e8c550b7e096b2d947b21bf336715bb.jpg,28661
0122de9a0c734ad199c00b352cc3b12729238b44.jpg,2545
016c33ec14c040a5377d0df92ebe3575dcecbe7e.jpg,223000
01acf34e2e7d2d9807fbbfb5ba243c5977e6c9e9.jpg,250
0340e19a70a7463e1ca38311c8d4016483750147.jpg,4850
03a49a24708ee65209e1f875fb4f6ae5a4e31d68.jpg,801
03b92e70372b7620e2a2f844b7789f729783fcd8.jpg,0
045a94167bbc90ff2289acaa355bd9ea933b9233.jpg,5405
04ca2e54c4e2e994dc7227f4c650af003165b924.jpg,100
04f00f08ab175a6b86015b84940ef237946da1b2.jpg,760
0519072fcd648ff40dc973e8ffb0246f14151a49.jpg,36001
0521da121fb4f4e994f0dc6b6675e280a7c1ed34.jpg,96
056bd385ae19c3f5e9e8873db28c7a1266de4a6a.jpg,3
0638035adc49b240a7439490085b6af59e1f26b8.jpg,6
069592c681626992e040aac3ec08839885714c47.jpg,2102
0795e19f4093a9cdd61ff2193f5bb8c6e970d4f9.jpg,380
08e5c29addcf21a37718722500e74e07a387834d.jpg,250
0a0216c77785d90a243e961676e1f4a95e1b1618.jpg,5900
0b7d7c92f3a0f9f466067984a57a494b01ee894f.jpg,32
0c8b6092d8484719789240f0fc04ff30421834d5.jpg,1860
0d2f85e9ce05fc8ae303cb62d5f12284605eebe9.jpg,8900
0e11679f05b72f9579d02b56283103326de7f6fa.jpg,22
1035422f1a10a2bdadf40f0eb0031927d1f101c8.jpg,640
1044aa5c63840dd8a0117e89d9a56d911a37c767.jpg,42021
106410378c75699f5e9292dd8b87b22b8b57a9ec.jpg,751
1093516de236b9fe08a1f68c66411177dd6d3914.jpg,2190
10fde5e56c800208b931110f821eeedc439a5c7b.jpg,57001
1161605a9d0dba578103b8f0f549c4ebfef2fc85.jpg,7
12db65773e6c1cee46cd3a30107a670067e6675a.jpg,40
12f3b49b495578fc3faae1bb7dc9905affd92ed4.jpg,740
1340194e1a5dcd524d2f78f1417b950dd6cd352b.jpg,56001
13fd3d1b369e946841d18efdc12d326cb9cad03f.jpg,660
16ddf64847f3343c0b741858e8f499cf13e8efbf.jpg,39
16ee3f35bc5a9ec8ddfe0dde3fa97de0c52e15af.jpg,50691
17a59b9e04ab27af37472009c2580d1f374b7c29.jpg,4500
17bf0739bf830b20ef259d18788e74d4209d922b.jpg,2350
17c8125d919a804ffbfbbaa518be8e18e222273b.jpg,641
186371527224f02470bc68dd8d32cefc735e9bb0.jpg,16900
18a33cfb239b30cc5677c1381c6a8849882fb20b.jpg,940
19de5c1e7403dddcc58fe6d3adc4ed3759617a81.jpg,441
1a54b056f5e45c2acd337255205bb1d66b4507f0.jpg,4801
1b88e1933d695cbe49d3f793081a947adf7c05db.jpg,30
1ce0f4e786d44a3ce831e470c5bb9eac4602ad04.jpg,15600
1f27a79030d2b43055f03b2c77214f1c29681dcd.jpg,1500
1f357c99f950f7467690bfc39142a2c1454aed35.jpg,490
1f4450408639279059c3ad808a0e37f03d0fa14b.jpg,45
1f55743a8eb74fcbd6ba6e60ba2d5bab26c59a88.jpg,67021
20ac750737bff48f8116d15c6a073da94f783f2b.jpg,570
20b248ff8afd1d8c2058eb23d99a0bb16c9c28d9.jpg,464001
226d41b6ea6f19866167787cba2da84b25b5c510.jpg,111
22ddf788465b53936ca342a5e0b51be4f37a5d31.jpg,4301
237c6446cd65713f575f5b90e5d8597384aba6cc.jpg,430
2410ba374e38ccc6a1a461c4fdc546ef53d77522.jpg,21
246f67e65655884e98db8226dbd3d345b68c9f58.jpg,68011
247af2172d1d58c76756b89c4b760f142e530828.jpg,590111
26f0a94f2cb7b8637e3f5339799d5f4ba1029024.jpg,980
28feeee4d7e52d0ba5d2cee31c8886e57f574319.jpg,1611
4a322d88fca63d74fb42eee30846e99735c17905.jpg,212006
67fcfc525568301048c4eeb4554173013daed55a.jpg,30
73bdc1e381510f46aac391bddd99d2dee1f39e8d.jpg,58
80f4419eee02f02c34f4b4f65d65b34ad07be278.jpg,14800
a6bd371130fec0f12d7b2a32865ddae3e026aa37.jpg,670
c1119af716de4f4954efb087092a49ee3b48be13.jpg,1395
c6050c9162ec2310f81dea88715d9f0af4f98942.jpg,50
e47f55e29fb263bcdda378a8fc9fcc14cb532653.jpg,7900
e8cf4d4a50b7b5502cad2d1d36655f3734551428.jpg,206
