00281c9f970508adc21370e667f9dc148cc34bdf.jpg,22100
0101a3341e8c550b7e096b2d947b21bf336715bb.jpg,2865
0122de9a0c734ad199c00b352cc3b12729238b44.jpg,2542
016c33ec14c040a5377d0df92ebe3575dcecbe7e.jpg,22300
01acf34e2e7d2d9807fbbfb5ba243c5977e6c9e9.jpg,2500
0340e19a70a7463e1ca38311c8d4016483750147.jpg,48503
03a49a24708ee65209e1f875fb4f6ae5a4e31d68.jpg,5801
03b92e70372b7620e2a2f844b7789f729783fcd8.jpg,5200
045a94167bbc90ff2289acaa355bd9ea933b9233.jpg,5404
04ca2e54c4e2e994dc7227f4c650af003165b924.jpg,10800
04f00f08ab175a6b86015b84940ef237946da1b2.jpg,3601
0519072fcd648ff40dc973e8ffb0246f14151a49.jpg,3600
0521da121fb4f4e994f0dc6b6675e280a7c1ed34.jpg,3900
056bd385ae19c3f5e9e8873db28c7a1266de4a6a.jpg,5337
0638035adc49b240a7439490085b6af59e1f26b8.jpg,6501
069592c681626992e040aac3ec08839885714c47.jpg,2102
0795e19f4093a9cdd61ff2193f5bb8c6e970d4f9.jpg,3800
08e5c29addcf21a37718722500e74e07a387834d.jpg,12501
0a0216c77785d90a243e961676e1f4a95e1b1618.jpg,5900
0b7d7c92f3a0f9f466067984a57a494b01ee894f.jpg,3201
0c8b6092d8484719789240f0fc04ff30421834d5.jpg,18600
0d2f85e9ce05fc8ae303cb62d5f12284605eebe9.jpg,8900
0e11679f05b72f9579d02b56283103326de7f6fa.jpg,22200
1035422f1a10a2bdadf40f0eb0031927d1f101c8.jpg,6400
1044aa5c63840dd8a0117e89d9a56d911a37c767.jpg,4202
106410378c75699f5e9292dd8b87b22b8b57a9ec.jpg,17500
1093516de236b9fe08a1f68c66411177dd6d3914.jpg,21900
10fde5e56c800208b931110f821eeedc439a5c7b.jpg,5700
1161605a9d0dba578103b8f0f549c4ebfef2fc85.jpg,1701
12db65773e6c1cee46cd3a30107a670067e6675a.jpg,4100
12f3b49b495578fc3faae1bb7dc9905affd92ed4.jpg,7400
1340194e1a5dcd524d2f78f1417b950dd6cd352b.jpg,5600
13fd3d1b369e946841d18efdc12d326cb9cad03f.jpg,6601
16ddf64847f3343c0b741858e8f499cf13e8efbf.jpg,3995
16ee3f35bc5a9ec8ddfe0dde3fa97de0c52e15af.jpg,5069
17a59b9e04ab27af37472009c2580d1f374b7c29.jpg,4500
17bf0739bf830b20ef259d18788e74d4209d922b.jpg,23500
17c8125d919a804ffbfbbaa518be8e18e222273b.jpg,6401
186371527224f02470bc68dd8d32cefc735e9bb0.jpg,16900
18a33cfb239b30cc5677c1381c6a8849882fb20b.jpg,9400
19de5c1e7403dddcc58fe6d3adc4ed3759617a81.jpg,7448
1a54b056f5e45c2acd337255205bb1d66b4507f0.jpg,4801
1b88e1933d695cbe49d3f793081a947adf7c05db.jpg,3501
1ce0f4e786d44a3ce831e470c5bb9eac4602ad04.jpg,15600
1f27a79030d2b43055f03b2c77214f1c29681dcd.jpg,15000
1f357c99f950f7467690bfc39142a2c1454aed35.jpg,4901
1f4450408639279059c3ad808a0e37f03d0fa14b.jpg,4500
1f55743a8eb74fcbd6ba6e60ba2d5bab26c59a88.jpg,6702
20ac750737bff48f8116d15c6a073da94f783f2b.jpg,5700
20b248ff8afd1d8c2058eb23d99a0bb16c9c28d9.jpg,46400
226d41b6ea6f19866167787cba2da84b25b5c510.jpg,6500
22ddf788465b53936ca342a5e0b51be4f37a5d31.jpg,4300
237c6446cd65713f575f5b90e5d8597384aba6cc.jpg,4300
2410ba374e38ccc6a1a461c4fdc546ef53d77522.jpg,21600
246f67e65655884e98db8226dbd3d345b68c9f58.jpg,6801
247af2172d1d58c76756b89c4b760f142e530828.jpg,5900
26f0a94f2cb7b8637e3f5339799d5f4ba1029024.jpg,9800
28feeee4d7e52d0ba5d2cee31c8886e57f574319.jpg,16501
4a322d88fca63d74fb42eee30846e99735c17905.jpg,21200
67fcfc525568301048c4eeb4554173013daed55a.jpg,3400
73bdc1e381510f46aac391bddd99d2dee1f39e8d.jpg,5801
80f4419eee02f02c34f4b4f65d65b34ad07be278.jpg,14800
a6bd371130fec0f12d7b2a32865ddae3e026aa37.jpg,6700
c1119af716de4f4954efb087092a49ee3b48be13.jpg,13957
c6050c9162ec2310f81dea88715d9f0af4f98942.jpg,5200
e47f55e29fb263bcdda378a8fc9fcc14cb532653.jpg,7900
e8cf4d4a50b7b5502cad2d1d36655f3734551428.jpg,20601
0a5f85a46d40956b2c0f6b3eefabc97b83ee0f37.jpg,3654
0a7387ad1c3c8cf65c405b69cf6637adcae36025.jpg,27500
0b2ec6a6fa1ec2e33606313e7f741f3b4aee7ced.jpg,4695
0bb56ab06ad4be30885f0254e3a73ec8c90574d3.jpg,3500
0e40a9dec5f22ddee0eeef87531212c9897daba3.jpg,7900
1a39e087155d540c43fe32aba5abc633b12362cb.jpg,4800
1adcd452c57a2ded88b5b23fc8dc2a07ea6a9baf.jpg,9501
1bcf5b808ca2209e592b4349e529e5183824ae8c.jpg,13084
1cd2b5e710742c6e1b3f8f2fa3616a5caef09373.jpg,40401
1e93c99c6f4c982eac591034effe036dc2df3a85.jpg,4800
1e447e6ac24a0dce1790431e58652c2205156900.jpg,6796
1e563e76027dc5e3582da0669f66ba32653345bd.jpg, 13500
005fc43f13dfef916914b17ef7ec7deb932bb33b.jpg,37601
06f3809cf626ddc0753e11c7734516399c1aae07.jpg,19500
08ac3f405d34b1f5454846398e3686f111dba44b.jpg,6101
08bc4699aaaa1c1f5d5f20000e275c3e95eaae07.jpg,4700
09b2ee855ac02280e3f8fce3f7385516258d7782.jpg,5080
11f9cd65defaad688cb0c0efb4f2b5e00fcfa61d.jpg,26400
19ad5cc9a329660869d5de0aa92d4ca74d54468a.jpg,5899
36c8f6a2971fa968f0eb9c75c27136ef2b1bf73f.jpg,20702
39dbdff5337ff8bf555923bf6b4e7918ddf698af.jpg,26700
050c973ad7a3e762355e69bf2029eb54446e16d1.jpg,7302
094a2ccd334b1f57a1a7de700e88f2196cb0aa01.jpg,7300
129bb38115a3cf224bdf9a593e2df0465db79bc6.jpg,9501
768ffa2daba12461bc698a2b740ecbbfb15fce8c.jpg,4400
16910cbbce34fe181a65f9f31ce3bc8ad6492cf0.jpg,6200
64497aa7f4d0ec03260d50917487bf7e0dad8631.jpg,18406
118586203f37df4e8821d18c381c4995091f5530.jpg,18600
cc9acb43543022d0e9ba0af8e059f92a602ba80f.jpg,25501
f467271c3de398ffe78268830059c2fd8dc29b90.jpg,3324
0f2e8ac5cc3136234ecb41160eab0893f817910b.jpg,3700
957d8fe28fed4ca5f8b2aab0a4ff3032ca631165.jpg,7601
631887ed74c7390a6e2c81d5c11ac529b40cac24.jpg,10004
0d37b1653107d4413b07d26d20f59a919ef45564.jpg,20800
